date,69TH STREET,ALMEDA SIMS,BELTWAY,CEDAR BAYOU,CHOCOLATE BAYOU,CLINTON PARK,EASTHAVEN,FOREST COVE,FWSD#23,GREENRIDGE,HOMESTEAD,IMPERIAL VALLEY,INTERCONTINENTAL AIRPORT,KEEGANS BAYOU,KINGWOOD CENTRAL,KINGWOOD WEST,METRO CENTRAL,MUD#203,NORTHBELT,NORTHEAST,NORTHGATE,NORTHWEST,PARK TEN,SAGEMONT,SIMS BAYOU,SIMS BAYOU NORTH,SIMS BAYOU SOUTH,SOUTHEAST,SOUTHWEST,TIDWELL TIMBERS,TURKEY CREEK,UPPER BRAYS,WCID#111,WCID#47,WCID#76,WEST DISTRICT,WESTWAY,WHITE OAK,WILLOWBROOK
7/12/20,353709.389,168459.026,163643.3592,55887.65087,130748.4138,34503.70781,92585.90081,32355.81414,106707.2188,103182.5532,67218.97616,111658.7562,62910.34836,344895.4167,82833.58715,62363.2476,64180.44319,42847.05656,101666.9618,96601.79096,157174.3221,226094.7459,46398.74312,151181.7629,277376.5089,192548.995,215264.3851,116387.0228,482354.2926,54118.96241,110576.7214,142358.491,162110.3767,150764.5157,57838.84224,166125.8662,35830.19992,68671.30463,49843.19168
7/19/20,306369.5126,136013.0097,139061.4916,45181.45527,105233.781,28125.67108,73283.23103,27290.8912,85729.33202,88889.43295,61368.28931,88617.0087,55655.42465,275724.2607,67584.81996,43031.7524,53597.50567,35892.551,80418.72773,81944.65096,118389.368,212842.2287,43260.34221,115166.1618,236859.2567,152887.2759,190572.8909,93435.80388,310175.1386,38391.43551,102292.3624,123819.5695,129257.393,120819.886,49277.71109,125277.2851,30335.60821,71167.61582,49259.71076
7/26/20,268833.2264,111689.9904,119641.3911,36700.57238,86174.04851,23139.46545,58706.71943,23555.06098,69942.84867,77549.19669,56044.31466,71831.47288,50062.251,223200.6117,56192.89981,30703.46673,45297.22358,30238.13303,65195.73424,70818.64766,91736.26459,198863.5758,40094.28803,89708.1166,203791.9909,122938.2923,169368.0489,76723.87986,208060.8055,27616.21226,94398.10427,108936.6773,104248.4655,97851.09076,41972.59272,97021.25333,25669.23418,72726.89136,48342.50484
8/2/20,241160.2333,94392.83794,105118.3061,30053.94643,72669.50558,19338.65884,48001.06514,21142.3211,58574.7163,69123.55953,51209.35607,60354.16209,46321.53404,184565.959,48243.19304,23189.9877,39067.29301,25721.72283,55111.85465,63172.83173,74588.98864,183439.9381,36784.93995,72576.64465,177604.1755,101001.7255,151516.6214,65466.9602,149953.2008,20340.89899,86752.55675,97728.92465,85729.92184,80684.9376,35734.23029,78616.28616,21699.99146,72568.30244,46879.56991
8/9/20,223182.7921,83080.32169,95137.95927,24893.96118,63875.469,16524.61319,40397.10165,20055.0526,50898.48206,63508.9335,46826.54069,53347.71418,44604.36887,157270.2733,43335.6855,18980.38399,34673.63643,22180.26281,49421.27903,58929.51573,64911.5193,166182.3253,33268.9251,61943.27526,157609.2819,85533.49478,136812.0958,58973.11907,119603.283,15491.15719,79260.83408,90120.06898,72464.02639,68238.64257,30403.63158,67904.86701,18319.86912,70011.93314,44701.40402
8/16/20,214945.4384,77035.2093,89438.189,20931.00453,59207.56915,14528.85393,35283.87783,20413.18009,46369.90738,60660.19464,42867.61437,50313.337,45195.19162,139275.7612,41248.17177,17217.01664,31924.27528,19466.71833,47794.82409,58199.06917,61610.54192,147148.4691,29553.21956,56462.23915,143171.454,75312.68657,125041.3986,56937.94901,108598.5918,12316.23561,71889.59871,86091.40159,63449.26823,59626.46273,25856.1807,63651.27212,15446.03038,64722.05737,41730.58616
8/23/20,215656.9889,75601.51412,87481.22081,18001.95489,58011.39409,13201.82655,32149.32197,22256.4871,44404.17209,60354.78495,39435.24032,50697.85241,48157.3975,128625.2761,41661.43209,17363.80418,30547.52388,17467.49049,49907.65516,60735.03419,63763.9747,128045.2249,25957.44045,54710.67474,133770.5824,69288.39217,116293.4282,59006.79643,112424.042,10292.60815,64988.52014,85494.31658,57767.61884,54089.87966,22133.4921,64966.70131,13112.65447,57608.43748,38397.38664
8/30/20,223063.2963,78071.85347,88278.55925,16056.82706,59379.4253,12417.11336,30571.94325,25315.00596,44280.81933,62062.95673,36773.15337,53611.97574,52993.35408,123344.5355,43956.22231,18974.86429,30156.39995,16108.47157,55039.49239,65403.52009,69975.08226,111820.5161,23042.20239,55589.40808,129084.1118,66559.7953,111065.4338,64377.06853,127583.163,9065.017766,59278.94127,87985.89179,54574.82092,50996.28113,19398.0805,70880.5128,11434.89144,50558.90899,35635.73552
9/6/20,234979.346,84208.24441,90989.80079,15072.28794,62617.34967,12103.13303,30331.92448,29149.61051,45474.13674,65339.79188,35088.11963,58272.75739,58986.32521,122140.3754,47566.98514,21800.88853,30447.8697,15349.24968,62480.90443,70736.66803,78862.46619,100319.0313,21178.03276,58403.29334,129158.9454,66658.18075,109983.68,72288.94486,151651.4887,8430.794439,55302.01973,93458.2321,53342.94137,49995.90895,17729.48928,80883.18158,10468.31042,44917.72401,34220.151
9/13/20,249043.7418,94163.77288,94836.48148,15109.39605,67086.98568,12239.7359,31388.63269,32974.49425,47557.87598,69768.42273,34583.09922,63762.59295,65048.33839,124207.2661,51836.04263,25553.21169,31169.75991,15193.29351,71158.98016,74784.57305,88402.97572,94646.0923,20646.26873,62570.60512,134538.6974,69488.92386,114026.6817,81678.16934,180400.4895,8296.323169,53486.25051,102042.4814,53785.48101,50995.48304,17213.45022,94455.52332,10281.58119,41474.10518,34879.14901
9/20/20,262385.5143,108345.7856,98971.06266,16406.9094,72023.7972,12854.77782,33865.10256,35582.89166,50094.88369,74854.57798,35530.1617,68809.78723,69634.28252,128994.058,55867.71594,29660.60757,32078.52942,15703.62802,79271.91235,75260.17956,95524.88228,96074.94856,21856.8598,67673.23476,146443.0479,75276.95391,124928.1086,90810.77001,205343.1867,8653.456046,54345.84985,114053.3465,55779.19615,54137.00868,18071.76074,110472.5762,11062.91571,40830.16682,38680.15319
9/27/20,272783.8876,126905.049,102830.1914,19309.34715,76764.33014,13963.62328,37913.38064,36172.91018,52764.38893,80130.81374,38052.27457,72362.86265,71719.2385,135892.1941,59009.31667,33499.36123,33083.22284,16951.37518,85185.61581,71356.92465,98089.47487,105596.5564,25219.11733,73765.41726,165911.8214,84201.38761,144306.9749,98038.51003,218572.0571,9519.4393,58259.68945,129725.6753,59280.75938,59556.88588,20522.63536,127328.5038,13029.5059,43248.31794,46822.86964
10/4/20,280295.2806,148748.3826,106654.9408,24024.23761,81192.07396,15485.74512,43464.74158,35275.03574,55595.40817,85377.23541,41770.65214,74495.13051,72013.1471,143897.3447,61609.50688,37030.30313,34421.62054,18929.23416,89083.36182,65171.1301,97329.32011,122358.5001,30675.73254,81060.2229,191911.702,95758.63541,171324.0874,103263.2199,222105.0173,10842.3257,64999.30978,148751.1493,64248.06143,66966.62634,24431.22265,143812.7665,16132.11567,48441.79775,59621.09182
10/11/20,285645.7741,171283.903,110923.4053,30668.01304,85345.08925,17279.16724,50263.21468,33796.1446,58716.1755,90407.73799,46055.80121,75667.09889,71753.16398,151690.3468,64372.64856,40490.37741,36445.7233,21617.05661,91899.78327,59022.80538,95450.87059,144530.8068,37771.29645,89828.80938,221599.2767,108825.3029,202798.8743,107027.0676,221992.3898,12515.87792,74166.79928,170228.3721,70644.54758,75757.42058,29370.96059,158618.6765,20015.90779,56149.71531,76351.05359
10/18/20,289703.3681,190219.2817,116193.9608,38983.76163,89288.73044,19117.25149,57755.55187,32580.74407,62283.05018,95005.99368,49984.1148,76432.39702,72213.44382,157660.4533,68146.78973,44262.41252,39611.11343,24957.75564,94804.80096,54567.74957,94631.37976,168273.8667,45206.70249,100384.5028,249747.4085,121468.8123,232185.1145,110091.7887,224860.073,14333.84716,85052.49304,192468.9845,78403.78161,84875.28816,34350.15672,170248.4211,23724.08629,65911.77669,94014.98092
10/25/20,293428.5361,200048.0227,123136.274,47902.6301,93114.72742,20672.71521,64964.68932,32360.8135,66487.88769,98936.06773,52340.86801,77384.48444,74710.2771,160035.4384,73994.52848,48886.42013,44571.16347,28800.09573,99132.72819,53007.06577,96984.79281,186767.5454,50522.3676,112708.3255,268665.1856,130904.3941,249489.8794,113352.7866,237765.6135,15945.44632,96339.46626,212864.3697,87379.13909,92712.23614,37667.25318,177220.1528,25621.36237,76698.08119,106474.4969
11/1/20,298203.9567,197779.3373,132393.9028,55858.59014,97036.98951,21727.96936,70907.45677,33564.24123,71524.44083,102153.9195,52459.59588,79064.69813,80335.24177,158283.8786,82951.84851,54916.69941,52083.93183,32930.31661,105988.5979,55143.59058,103982.3706,193852.8626,51683.2002,126207.0233,272880.7921,135168.2449,248009.3535,117645.6501,266530.1342,17032.54358,106564.9801,228945.9046,97337.20411,97977.05426,38075.71324,179187.2451,24643.57977,87211.87223,108388.6871
11/8/20,306441.9806,187795.2833,144234.1299,62317.92911,101580.0178,22497.03339,75657.65925,36001.19783,77504.74816,105184.0046,51360.70269,81854.14885,89297.12487,155089.8833,95224.11904,62555.27657,62587.88638,37242.66494,115416.7189,61033.9112,115275.6874,191568.9356,49775.73374,139863.9383,266722.3717,135877.3174,234257.6413,123460.3277,309910.1358,17711.59679,115600.2896,240581.3632,108000.5912,101470.5868,36490.02082,178423.4435,21809.74375,96783.39216,102000.7862
11/15/20,321161.8658,176385.523,158823.8491,67517.65242,107452.0467,23358.71204,79866.31872,39326.72137,84522.57775,108786.605,50495.73064,86157.05494,101601.0308,153877.8646,110550.8704,71847.96872,76331.16444,41664.19392,127060.1646,70886.5698,129864.4548,185448.2117,46993.23668,152224.2011,257883.301,135970.9365,218474.0867,131263.736,361888.2241,18308.04268,124050.7072,248840.8165,118971.6811,104934.4827,34472.89665,177977.7978,18596.50179,104964.1204,92460.34048
11/22/20,346226.3843,168796.2204,176334.0824,72112.38833,115542.7557,24758.8911,84419.78394,43084.85577,92681.83614,113834.6163,51252.02508,92511.02541,117164.9805,158035.2155,128190.6208,82736.20397,93243.40396,46110.83298,140356.2749,85201.75745,146102.3862,180953.0637,45287.87701,161834.7044,253540.6591,138505.4661,209073.4616,141671.2469,410847.7348,19210.06432,132835.2596,255241.8612,129695.799,110411.3328,33382.51704,180916.1747,15997.96064,111398.3606,84125.1256
11/29/20,387206.0542,169508.403,196902.289,77067.35664,127046.7236,27267.33297,90426.67407,46622.04934,102093.7298,121388.1886,55200.42216,101669.6001,135595.0216,171716.8795,146630.7513,94981.68096,112594.784,50489.65183,154415.3749,104519.8725,161330.6718,183113.6542,46382.08247,168798.4266,260541.5739,146845.2837,213328.7133,155517.8259,439053.0642,20892.1576,143174.5021,261569.2328,139468.6983,120434.5017,34446.91561,190623.8398,14537.01024,115858.7853,80044.14148
12/6/20,449709.0558,182072.6186,220346.8005,83240.60595,143133.2853,31460.91907,98872.3042,49289.32179,112820.0206,132443.5704,63995.57312,114297.7643,155844.289,199528.0047,163886.5469,107927.1984,132635.8709,54717.92329,168107.7043,129014.1529,172872.0354,195911.4558,51734.29413,174263.7404,284738.8149,164102.1847,237804.6316,173431.4588,432467.3668,23848.63018,156130.8521,269442.5651,147675.1385,137652.1445,38723.88453,210032.4497,14396.05614,118579.6315,81923.17116
12/13/20,530054.028,205657.9025,245304.982,90412.24132,163307.2884,37396.63664,109349.551,50989.5261,124693.5293,146821.4454,77820.01583,129718.9259,175701.4804,241067.877,179113.8059,119934.5864,150398.0613,58771.19718,180584.3336,157783.0094,180744.8342,218817.6842,61387.39071,179668.0607,325066.3128,189758.9004,282633.2388,194136.6711,399866.9997,28112.2499,171038.032,279449.4342,154296.8464,162069.3874,46239.01171,237701.7748,15378.37929,120665.6432,89218.9045
12/20/20,614352.244,236935.9997,269298.5461,97774.55223,185550.5258,44710.7391,120473.1975,51893.42214,137338.6881,163532.0215,95451.56452,146025.7814,191798.6456,290208.6831,192295.3384,128562.6882,161971.0185,62665.96899,191121.1311,188176.8329,186372.6681,248930.7838,74509.23303,186623.0937,375764.9636,220466.4769,343182.7112,214652.2595,358701.3223,33304.3434,186032.7402,291831.7948,159623.5421,191234.9661,56350.72244,268884.6618,17316.59915,123517.7772,100972.7008
12/27/20,678388.716,269983.5742,288977.058,104227.7336,206431.4717,52488.90012,130201.3751,52239.75531,150192.7848,180963.1648,113545.2597,160187.727,200099.1154,333502.173,203740.6336,131119.0699,163463.6794,66444.34441,198986.8796,215402.304,191575.3265,281350.9721,88928.80813,196001.192,426229.5245,249852.7217,407808.9117,230673.2209,322734.6831,38585.04249,198543.677,306887.4387,164060.4637,219971.2687,67335.56764,295785.811,20082.92364,128685.703,115958.2034
1/3/21,691478.4601,295058.9217,300449.4262,108432.0285,221114.6159,59072.60385,135930.9207,52299.24897,162490.7051,196731.0822,125956.8025,168238.4841,196937.1773,350510.1943,214027.1575,125497.0385,152540.7069,70172.23016,203506.4442,232923.9793,198420.6994,308175.6896,100339.4734,206886.156,459756.1779,268157.6412,454318.5078,237074.3894,301081.1263,42540.08854,205482.2573,324984.8874,168093.5553,239932.6865,75801.29152,307873.1911,23439.10851,138038.8919,131950.5526
1/10/21,636773.603,301779.3801,300703.5336,109229.6308,225062.6124,62627.22959,135500.2494,52258.86497,173292.7032,208057.5015,126641.7483,167045.4968,181354.319,326230.8342,223610.2343,111912.5073,130686.4903,73760.85723,204133.4836,235218.825,208290.3753,320586.2885,103839.8098,217742.9919,460293.8781,266632.1681,458893.9378,230321.3116,298925.0793,43701.20696,204443.3216,345815.8303,172080.476,242849.4201,78136.73783,297332.5267,26978.74816,152944.91,145732.6299
1/17/21,541421.1712,290153.45,290957.9343,106605.8801,218692.2283,62787.2226,129707.659,51968.92382,181596.3617,213356.1342,116986.7781,158215.8391,158188.38,273597.011,231417.3756,94914.37705,104583.6188,76318.08545,200514.8585,223855.9201,219062.0036,317166.842,99113.97703,226702.2633,431590.4737,248172.8629,424893.5305,213480.8026,313515.6287,42168.72283,196684.2126,365494.3537,175717.1871,229550.6153,74732.35949,270119.7721,30330.81314,171862.9748,154915.7981
1/24/21,443017.4638,267234.0887,274804.6279,101220.1959,205588.7144,60214.22867,120948.9881,51156.8197,186418.0032,212143.3448,102443.8241,145658.5976,133551.8632,215588.7292,235451.7952,79145.27684,80362.55799,76509.12854,192563.4926,204670.8197,226635.1557,302035.2617,89072.06944,231710.6931,388748.9961,221728.9037,372694.7131,192509.386,339137.2732,39085.02264,185347.0273,377621.583,178401.6022,206771.0662,68292.63591,237617.1182,33122.76171,191159.6133,157989.7032
1/31/21,363793.8609,240346.6848,255839.4018,93890.13959,189542.8141,55883.91546,111472.988,49576.50793,186897.4669,204545.4543,87776.45523,132852.3673,111542.7517,166554.3731,233713.5619,67101.4163,60963.31202,73143.16471,180507.32,183323.971,226434.215,280301.2509,76963.50981,231307.0667,345202.7174,195069.5811,320264.1138,172282.7015,369229.4775,35600.99906,173355.0461,375328.0603,179503.2926,181187.5497,61421.17473,208421.0372,34944.68145,205403.815,154101.3389
2/7/21,312642.8176,215190.136,237086.9096,85440.09875,173725.459,50777.85026,103035.5723,47043.70537,182446.3708,191258.3154,75956.2716,122355.6663,94196.53157,131639.7719,224603.3912,59816.75592,46943.14511,65630.02839,164895.1951,164037.5001,214493.4584,256661.2112,65292.77722,224850.7213,310121.9233,173351.2999,278817.9949,156083.0521,394827.6383,32602.74936,163056.023,353169.9165,178411.8285,157670.7536,56001.5742,187707.0159,35422.96756,208115.9073,143311.8566
2/14/21,291139.3187,195188.2097,220686.6564,76652.42875,160299.6892,45696.19852,96782.77082,43591.185,173148.5889,173652.4262,68222.54493,115666.1912,82022.57391,110591.6878,207790.9676,57625.99863,37585.99889,54728.39894,146823.8576,149184.5725,190442.7055,234615.3468,55489.48487,212246.2954,288292.6791,159068.1523,253241.0726,145640.3856,405946.4974,30630.44904,156008.5808,311132.8779,174723.0748,138854.84,53019.19146,177931.4121,34437.85313,195987.0589,127103.8973
2/21/21,292004.3125,180541.9284,207248.5466,68381.09524,149819.1307,41194.01344,92826.14648,39827.85895,161050.9527,154485.0922,63948.7551,112346.5736,74136.72555,99806.18856,186329.7868,59556.05268,31456.19777,43466.03076,128927.6921,138278.4701,161754.4802,215744.1125,47989.94122,194008.8528,277637.6763,151016.5647,240550.0632,140035.0252,400869.4211,29624.15812,151890.4733,260985.3384,168721.0705,124724.3835,52025.05456,177320.3442,32582.90848,174198.3497,109381.1302
2/28/21,306112.9315,170203.6193,196640.7089,61300.66376,142103.444,37620.74139,90844.92128,36451.01998,148925.7309,136558.1636,62165.44452,111228.2583,69492.7125,96059.2022,164384.4219,64221.06685,27385.16165,34381.8762,113807.3027,129765.938,136231.4982,200582.2608,42805.2959,172104.7342,273510.3355,146899.1888,235424.1948,137323.6545,384757.7521,29276.60377,149466.2285,215499.6081,161022.7583,114343.6607,52153.74709,182762.8665,30688.70069,149857.8384,93776.39586
3/7/21,325177.2216,163399.9965,188746.7635,55810.49929,137023.6229,35200.57688,90630.11936,33953.6908,138921.1049,121662.7437,62255.04654,111312.2818,67471.52999,97801.21605,144879.4331,70217.02486,24671.97369,28348.21205,102975.9505,122426.068,117981.1093,189473.0278,39905.34086,151171.2562,271982.2756,144919.6399,233683.2255,135865.46,363470.6609,29332.0056,147604.0707,181209.5726,152240.6756,107024.9582,52630.72796,191540.1718,29439.88275,127971.0608,82264.16314
3/14/21,339349.1068,159607.8184,183513.2296,52154.34895,134552.1278,34126.19636,92080.89563,32706.7805,132644.3373,110812.7812,63797.61205,111664.3192,67771.46059,104484.1819,129528.5397,75646.67531,22883.50719,25498.36012,97389.16586,115299.0423,108953.8285,182740.0865,39402.94387,135075.5054,269401.454,143518.4518,231574.8323,134161.8398,342212.6683,29557.90087,145247.4618,160532.9008,142930.9892,102308.6005,52682.02686,200675.0656,29430.29662,111250.1413,75838.81031
3/21/21,338391.0844,158437.9543,180864.4853,50461.51775,134686.1249,34527.73973,95134.13766,33009.62155,131283.9889,104528.0118,66443.99757,111407.4221,70275.64121,116090.7103,119159.1103,78258.98922,21745.1919,26009.15421,97905.61977,107726.4379,110446.4006,180590.4953,41607.85623,126152.7609,262618.2616,141364.917,225851.3662,130942.5583,324941.3196,29731.95047,141511.3437,154286.5027,133602.7535,99864.91982,51659.0579,206929.9046,31222.46073,100437.0277,75101.98359
3/28/21,321614.808,159179.8303,179932.6026,50336.73915,136678.9659,35955.32879,99311.04873,34772.33123,134052.1148,102254.9271,69761.30532,110098.9835,74562.63803,132046.1392,113356.1204,77467.04275,21114.04545,29682.36775,103916.8491,99999.4335,121117.011,181325.1831,46280.66638,126387.9457,251763.99,138250.1259,216441.716,126314.7542,312882.6378,29714.42152,136482.0987,159829.3208,124857.6815,99067.97701,49684.34289,209046.5472,34827.27489,94238.88619,79057.97634
4/4/21,296179.2072,160804.3456,179186.3276,51101.00279,139078.276,37573.14179,103655.5166,37697.11405,138502.991,102876.4919,73182.59731,107649.7144,79815.88151,150470.4262,111191.6914,74343.72573,20923.66943,35943.90436,113389.3454,92958.00769,137912.5379,181576.7013,52523.66978,135872.2018,239449.2731,134763.7225,205697.4379,121418.8455,305558.5126,29440.79746,130970.6878,172583.5283,117260.9591,99027.80319,47315.94021,207652.6623,39799.50126,91290.32302,85648.59503
4/11/21,268987.1371,162244.564,177083.4501,52091.03656,140300.4832,38400.54879,107012.2604,41453.59302,141873.7221,105487.2477,76022.79739,104032.6135,84970.21056,168039.1303,112078.3422,70155.68831,21139.08621,43698.21965,123674.4786,87261.84586,156334.0745,177879.4193,58860.19354,150477.3103,228079.0184,131494.1825,195794.4415,117318.3877,302585.3786,28859.60946,125736.3533,187540.4979,111243.61,98866.81002,45059.99306,203661.6811,45368.59116,90684.49379,92349.07229
4/18/21,245201.9363,162400.3026,172174.5023,52608.44567,138728.2039,37408.51009,108101.9465,45571.65357,141167.8716,109246.4284,77505.24264,99270.41896,88677.02894,179903.7258,115692.558,66026.65744,21749.05062,50462.80706,131106.1711,83415.08606,169145.8027,167216.7176,63034.66108,163728.3498,219639.1453,128975.9278,188525.1484,114943.1882,303771.0373,27932.51915,121425.6075,198007.6905,107158.164,97719.09264,43336.2493,198043.6936,50230.36383,91750.59492,95838.50746
4/25/21,228127.6113,160252.3693,163411.2208,51983.85767,133053.1977,34007.70787,105776.9203,49364.85635,133892.681,113238.7726,76918.24242,93457.28444,89523.82769,180884.2911,121824.3899,62787.69037,22755.51107,52598.28428,131605.5105,81839.76507,168293.943,148225.4508,62641.56159,166910.7688,215670.1336,127618.2979,185280.8628,115108.3802,308943.617,26645.50134,118544.9544,196641.2772,105195.4271,94830.80759,42430.56864,191677.3292,52737.16372,93837.78415,92878.03595
5/2/21,218049.6548,155700.304,151819.9336,50039.88618,123869.0081,29109.40422,100072.8921,51945.2023,121094.7844,116369.3985,74247.70522,86911.97206,87247.95052,170385.8176,129590.1945,60395.78641,24108.33403,49226.38504,124955.8158,82538.26228,154108.8639,124524.7649,57820.97106,153159.3084,215282.7351,126869.2808,185262.0874,117670.3171,316100.0164,25075.48288,116853.3466,183035.1921,104409.5588,90238.58715,42039.41838,184794.6061,52363.60406,95975.74574,83989.51596
5/9/21,213436.9026,149601.3742,140081.9377,47049.08136,113409.8685,24150.07344,92212.22749,52356.24278,106706.3321,117385.1972,70090.61543,80094.59078,82814.47799,153015.3481,137020.5344,58152.82919,25689.76365,43021.05173,115216.02,85108.60536,133767.3331,102151.3443,50925.25253,128366.8719,215048.3381,125279.9109,185364.3191,121382.3609,320908.8932,23373.53013,115367.1211,163637.9755,103038.751,84735.15435,41453.25642,177084.6507,49829.08556,96971.11601,72627.13055
5/16/21,213091.8644,142851.0889,130385.5266,43345.67466,103587.7854,20010.10098,83442.86958,49840.52913,93806.84249,115073.0462,65091.64767,73390.78267,77311.77333,133592.89,141597.8576,55410.14064,27344.25361,36653.44389,106218.1153,89180.1152,113554.0234,84517.90294,44046.29857,103787.2106,211338.3621,121410.0381,182283.2126,124771.0454,318601.1768,21673.10942,113084.1296,144342.3532,99378.47004,79078.31029,39983.34295,168267.0315,46097.44664,95606.21047,61652.65911
5/23/21,216119.6093,136230.426,124353.4994,39253.00615,95753.4483,17062.48512,74765.41195,44185.89105,84244.55356,108536.1569,59819.75222,67089.13585,71684.82439,115626.2216,140626.4791,51651.6247,28872.59661,31782.87526,100801.9571,94381.78236,97263.90274,72850.15578,38505.03188,85694.39587,200883.1953,114088.7245,173039.6036,126206.7343,304872.1996,20077.62701,109092.7427,129042.9353,92072.48995,73869.89063,37077.67072,158160.13,42054.38834,90858.1956,52747.42052
5/30/21,221834.2854,130412.0119,123378.587,35090.96679,90850.67376,15404.92439,66903.51929,36096.72536,79092.44127,97621.46144,54768.02898,61413.68917,66684.05981,101165.9513,132141.7845,46631.67359,30046.67065,29241.98652,101282.4513,100288.2762,86613.53365,67489.04518,34977.03597,76474.00055,181819.3099,102871.414,155972.2444,124159.5263,277448.9496,18667.54917,102759.26,120020.6008,80809.49419,69579.35509,32591.80808,146807.6316,38378.56463,82723.64061,46667.65961
6/6/21,230628.8529,126332.682,128098.5566,31537.93702,89434.303,14958.1783,60677.61997,27854.63392,78560.1506,84688.09196,50784.65495,56846.80573,63119.61651,91252.65346,118370.4296,41219.17996,30771.79246,29144.79655,108729.2211,106663.2015,81502.26009,67812.39064,33482.98907,76640.4742,158276.3065,90184.37907,134870.1699,119323.8805,241985.9172,17587.74094,95218.33436,117892.4456,68537.36706,66834.62209,27643.59183,135847.6804,35541.63446,74017.22682,43500.38989
6/13/21,244421.6704,125377.8191,138167.477,29461.68634,91887.62481,15700.74801,57102.89072,21516.33666,82225.12407,73783.83436,49002.35857,54129.18049,61970.2816,86553.78227,105277.6895,37014.95503,31136.21686,31300.49121,122468.2339,113664.5948,81321.32652,72254.50955,33757.5792,84741.13432,138861.9273,80215.79423,117460.9128,115154.2531,210090.9035,17075.00049,89396.56432,122447.1858,59150.69742,66588.44613,23731.94643,128266.0806,33885.18814,67895.56875,43192.42968
6/20/21,265943.9045,129136.3653,153405.7437,29620.48524,99051.7728,17893.51515,57161.19568,17679.45217,90118.71899,67501.93614,50605.17992,53986.37884,64368.15486,88056.63095,97281.66475,35148.42787,31266.6252,35918.71903,141578.5166,121556.9456,86244.51943,79460.09699,35769.88402,99707.05941,129338.8534,75808.20643,108767.4581,115086.2907,189397.0303,17388.55507,87864.5427,134415.9103,54844.70363,70047.35204,21685.28223,126692.0427,33741.2239,66646.59523,46153.35892
6/27/21,299189.8259,139834.763,173727.4638,33185.6373,112614.6756,22237.38788,62390.96237,16419.27617,102779.5559,67801.87918,57526.77957,57425.61115,72146.7256,98012.00303,97732.44295,36734.46558,31299.90277,43672.98204,164323.3497,130670.0941,97450.29577,87782.76834,39751.74466,120380.6157,134722.6393,79713.61673,113045.1901,122841.1726,184938.177,18907.86419,93409.4914,155882.371,57675.43873,79195.23089,22176.83956,134209.9414,35598.72245,73022.62912,53618.92912
7/4/21,349474.0748,160810.3421,198864.592,42414.71318,135359.9357,29988.28397,75680.17151,18008.0265,121056.4833,77580.28387,73189.88593,66032.93753,88431.31518,120979.3864,110883.8626,43598.99811,31348.41605,55657.92753,187686.4725,141327.8871,117060.7828,95175.47195,46197.45828,143955.1757,163777.3398,96621.3606,137874.9522,143588.5246,202732.3348,22260.71823,110329.9444,190349.065,71311.85772,97494.47513,26288.12276,155394.1358,40160.2456,90644.41467,67994.50078
7/11/21,417978.3057,194289.7344,228235.1965,59745.56075,168795.5537,42241.95245,99621.51258,22677.61492,144733.4089,99087.84214,99916.32353,80904.70503,115452.7726,160184.1917,139705.9548,57466.457,31384.66322,72469.81432,209888.6246,153190.9559,146287.0432,101743.785,55633.84733,165429.8803,226246.9702,130927.3241,192045.1712,180546.5792,246561.2869,27956.63672,142361.0037,239686.2415,99425.39272,127814.2235,35060.42954,193163.898,47805.27748,121865.1373,91520.60068
7/18/21,499132.8691,240259.2578,260683.0055,86872.87047,210996.9674,59062.42887,134681.1565,30853.05802,171430.4562,132756.9192,135986.3783,102300.5144,152548.2731,212671.2361,184652.9913,79546.25855,31306.02782,93108.84182,231154.2626,165174.6503,184458.8145,109962.001,68483.20351,177740.5284,328708.0698,184572.0978,282126.2712,232464.8617,317511.5517,36129.42792,191108.1677,301462.1174,144694.2942,170074.7712,49581.0786,247449.307,58649.55109,167277.1874,124994.2643
7/25/21,580006.2394,295990.3229,294126.1218,121997.4766,255219.6612,77875.34841,176656.0287,42633.37687,196248.79,174911.7378,171246.9764,129199.54,193607.453,264133.6304,241302.9797,109185.2205,31009.18066,113955.2436,252337.2512,175800.6902,227575.2177,123346.7014,84977.46902,173722.5682,463494.6401,251436.8893,402462.8486,291232.4429,412361.912,46293.45318,253717.5375,366658.5381,203272.469,218603.6146,70011.0237,313248.7367,72416.85608,220978.1441,165487.9034
8/1/21,639695.0069,353713.2268,325428.8663,155205.4186,288590.0708,92250.22307,212609.2281,56377.67975,211948.1461,212707.136,185949.0927,157824.152,224375.5052,286787.0433,294147.5791,140491.3163,30408.11158,128409.308,274733.6193,183310.9243,266612.4061,147294.4392,104817.2839,151207.6006,586192.0528,308069.1901,514083.6323,337652.5003,514791.8329,56696.65255,316905.8165,417855.3212,255536.9151,258542.4122,93135.46172,376108.5472,87895.18113,266281.2713,203241.1654
8/8/21,663401.7146,402556.0014,351036.6103,174475.6379,300658.5006,97197.42419,228615.847,69334.22427,213932.6597,231292.9112,172823.7071,182764.6521,233318.8309,266294.7322,324567.0794,164165.6044,29579.75726,131773.0535,297901.8742,186554.5652,292481.5919,187728.4945,126619.6057,121228.3226,639216.5213,329018.9839,564565.4787,353452.972,599596.6211,64946.99535,361540.6021,439414.0044,278639.6085,274716.8748,113090.0497,418792.2447,102709.6999,288987.8313,227012.2319
8/15/21,656070.5842,434792.0849,368023.5796,177618.6899,294779.3561,94321.89347,225302.3935,79899.30633,205270.6005,230517.0504,147813.7316,200236.847,224795.7138,224448.7848,330762.1877,175061.8922,28783.03615,126110.8776,316917.7134,185845.4568,303254.3526,245795.8101,147345.4679,97065.46629,619788.6489,315449.0821,550133.1286,341063.4229,653262.2725,69934.28399,379230.1858,430276.24,272607.4098,267596.4149,125263.1095,434806.2202,113542.8877,287352.0017,233159.1321
8/22/21,629704.298,445341.1604,374022.4645,168826.4967,279662.4139,87729.15735,210775.1891,87276.43028,191372.5518,218119.3982,126304.7997,207701.9441,208779.3601,185044.956,320608.6886,172151.6666,28273.72536,115871.9603,325026.6474,181989.587,300953.9494,315830.6401,162421.6808,84441.70976,558289.7099,282187.7589,497515.5991,312354.447,671513.1246,71492.93195,370643.1467,397362.6266,249879.4099,245825.5827,126918.8633,424993.7662,116720.526,266774.1609,223471.6636
8/29/21,597001.3956,432252.7649,367528.4942,154476.2559,263979.7356,81368.92074,193879.7732,91411.63985,177190.2583,202970.4478,117049.5209,204124.8019,194464.8255,160807.0503,304413.9829,157752.8268,28294.02102,105221.7398,315774.4241,175918.0657,289515.1511,380452.4761,166773.1209,86172.32591,488132.1903,244799.8826,436769.5502,279538.6739,656904.1261,70079.96667,342065.7606,350537.9242,224085.9337,219099.6066,117964.7736,394855.9761,109687.7805,235648.932,202844.0832
9/5/21,567588.6173,397928.508,348634.4566,139849.5918,253889.0653,77171.40995,180876.931,92578.90436,166119.2877,191597.8092,125121.9975,190601.5648,187518.4351,157034.262,290505.5994,136411.5571,29008.85885,96774.65302,286846.8504,168472.6582,273195.2964,413103.4604,157243.3446,102308.9985,431143.3533,213194.4353,387748.0725,250873.3703,617018.4098,66480.18019,302369.6033,299480.7917,204471.8373,194505.222,101246.9975,352451.5588,93806.20367,201793.3514,177111.2774
9/12/21,542241.726,351553.7308,320907.4716,126293.895,248089.4263,73636.80075,171795.8479,90456.64372,158125.8905,184056.0261,150358.6606,171447.859,185394.8474,171083.6419,278960.2591,113998.2094,30194.87992,90182.05775,247708.973,159857.2614,254904.086,405811.5182,137281.6742,128748.3136,390135.7561,188914.0295,352918.8172,226678.4835,562530.616,61311.14033,261180.1061,252564.9494,191829.2706,174134.5508,82315.33749,307194.243,75919.74542,170624.791,151647.1516
9/19/21,517844.3689,303759.5034,289410.6,113327.9413,241270.7196,68676.324,163749.7129,84733.50288,151550.4891,177192.1454,190227.7372,151547.6476,181920.4277,196886.6044,265472.0258,94882.4741,31406.57799,84060.0867,210875.9279,149937.9244,236582.53,372485.1127,114101.7405,155268.333,360527.4006,170623.1308,327920.2278,204032.9154,503854.8553,55051.14438,225784.8289,214933.1288,183195.3301,157719.0603,65667.40811,266537.6691,61465.30757,145080.7191,130019.7876
9/26/21,491681.0879,261703.044,258265.7106,100600.3695,228553.4457,60808.89217,154259.3136,75612.62836,144947.4425,168191.2796,237050.6547,134310.9563,171360.1755,226075.8045,246387.2638,81074.21348,32124.37639,77333.4747,183700.617,138677.8491,219716.5905,330405.1078,92953.88045,162742.8945,338869.7215,157279.5195,309440.668,180883.1334,448810.6756,48187.70286,200108.5363,188695.9616,176115.6675,144913.7664,53263.60319,234727.4564,52635.99183,126342.0095,113991.7812
10/3/21,461655.3565,229159.1708,230307.8267,87965.42689,206471.1619,49772.32074,141474.6842,63906.53728,137123.8334,154904.6383,272588.2408,121711.5244,150004.7816,244801.9732,219533.2542,73250.05443,31823.23906,69305.50644,169886.5347,126179.6949,205388.5274,292842.693,76411.08911,143855.3802,322649.2116,148137.3407,295015.6987,156198.3933,402406.5239,41175.59766,186191.546,174618.8993,168565.1954,135425.1191,45496.76484,213824.6296,50234.90285,114566.9881,104315.6784
10/10/21,427463.4044,206359.3427,206865.6753,75832.1967,176510.4358,37895.81035,125445.9591,51284.03684,127445.6426,137577.9673,278442.9528,113428.3807,121192.3983,241868.314,186981.8888,70520.89303,30512.59872,60159.76185,169299.2808,112985.8185,193886.9818,264781.6227,64880.35043,115940.9559,309586.2012,142036.4211,282567.5229,131114.4153,366187.3769,34480.39946,183598.7961,171196.4146,159410.4721,128554.8756,41660.90925,202793.3664,53508.03561,107937.167,100331.5429
10/17/21,391077.0545,190214.4826,187852.688,65183.3906,146020.2953,28069.26151,108761.079,39564.60364,116127.8897,119710.0814,253175.5144,106637.4764,94001.40989,222300.987,155504.5857,70081.90861,28918.33668,50968.7047,175767.191,100216.72,183927.964,242439.5549,57332.38235,93747.63155,297071.9992,136908.5892,270104.3811,108949.1033,338130.6506,28568.64795,187598.5601,173475.6252,148975.3612,122720.6877,40026.39338,197035.7021,59912.04745,103450.248,99342.74096
10/24/21,354510.1477,177938.7502,172929.7342,56629.86301,120388.8549,21242.59438,93647.79102,29745.27367,103638.4014,104221.8324,206556.039,98734.66504,73449.94626,196203.552,129777.7693,69123.49594,27755.79483,42577.21117,181681.2833,88756.96561,173992.4315,221649.9091,52867.91753,83539.19568,282742.5966,130793.7626,255914.123,91705.06397,316109.0696,23677.43491,192740.507,176256.5442,137863.323,116392.0101,39117.48881,192163.175,65951.2855,98595.06316,98599.27326
10/31/21,319315.2984,167483.3898,161814.3905,50404.11462,101883.2939,17249.03773,81340.37502,22091.73554,90500.91951,92724.09015,152429.5285,87896.67536,60668.337,171674.6955,111699.8654,65061.84122,27640.47105,35427.97991,178669.7502,79118.49782,162868.3313,199504.2982,51008.67218,85824.87484,264721.487,122095.0111,238688.0098,80014.12495,298527.821,19845.06616,193204.9941,174194.5453,126593.6665,108351.9171,37697.99956,184317.2635,66763.23008,91378.74307,95514.7333
11/7/21,287288.9349,157553.8888,154458.798,46561.61462,91030.88741,15606.32505,72401.63131,16531.49832,77474.09799,86031.67832,103546.9291,74024.6526,55301.69511,153662.6432,101713.7323,56701.38692,29188.34515,29735.66512,160875.8744,71628.42633,149930.705,174965.3862,51612.10258,97055.50982,242466.8284,110335.247,218218.4513,73967.83163,284271.8478,17026.17543,184217.1051,163600.1647,115701.3082,98117.28424,34909.00577,171281.1265,59512.06,81902.79039,88394.03155
11/14/21,263780.5008,149562.103,152098.6116,45024.64295,87287.19387,15775.73939,67188.63566,13026.204,66790.77358,84387.22023,69182.56438,61104.98748,56141.64886,144597.5247,98917.80483,47140.32638,32989.11904,25904.43815,135684.2209,67061.13332,137610.8551,152857.316,54670.43452,113300.1646,221223.2076,98774.10853,199190.2426,73299.04213,273445.3927,15296.84055,169702.2263,149461.0227,106940.6942,88011.37091,31597.85824,157428.381,49096.93607,73251.64324,79534.49851
11/21/21,255264.5047,146625.7425,157243.4688,45819.85356,90417.5116,17653.3766,66211.97058,11413.60792,60816.43233,88218.52289,49853.09152,53016.09735,62626.88326,146518.5309,102338.7973,40091.48514,40008.28593,24358.905,115368.5194,66609.52671,130487.8972,139727.0771,60273.48151,128138.5334,208772.2033,91590.50792,188411.6659,78116.59131,266988.0394,14852.25281,158721.9582,140246.0193,103008.3065,81449.19576,29438.41138,149621.1049,41002.98878,68037.46988,72857.27942
11/28/21,269027.1869,152077.4242,173765.3961,49326.27946,101780.4906,21664.03723,70582.04069,11746.45451,61430.38184,99049.61548,42526.64289,51934.13707,75654.08376,163708.2845,112092.8797,37477.60337,52187.54375,25726.55896,106810.7825,72045.97818,132756.4798,140628.7685,68737.55493,135722.3916,211893.1231,92081.2925,191921.8602,89770.50247,265940.9126,16093.09252,158763.1471,142945.6504,106707.7321,81122.10843,29794.74873,153908.5463,37950.12057,68305.3969,71268.28095
12/5/21,318568.6238,170828.0134,208830.4839,56436.79848,125170.3915,28838.50695,82849.18452,14944.05384,72204.88125,120299.2274,46848.31307,61517.93763,97516.82537,206327.0727,129324.7756,41270.06097,73263.16883,31688.98775,116113.4907,87025.42184,150419.5517,163777.913,80579.75272,138874.1561,240265.298,104862.4636,218585.3358,111487.5941,271538.9363,20073.45385,178685.0397,166982.2019,122627.903,90619.11843,34553.14111,179004.3811,42349.52695,76915.36958,77964.35391
12/12/21,422206.7238,208000.5203,271156.1166,68151.68148,165820.8471,40403.07844,106498.8728,23227.08004,99334.37864,156317.5493,66191.9147,88375.49727,131133.2289,290013.3716,155097.562,54216.42902,107828.7037,45181.84835,151743.0426,117014.3189,191785.1607,222410.6996,95977.73438,143768.0937,306411.9263,135555.1707,280079.7632,147703.9601,283264.2453,28679.9557,229007.9848,224225.4101,157421.8809,114533.5601,46789.0266,235489.6942,56858.8864,96770.03988,96210.07684
12/19/21,589826.3497,262476.4677,360115.3155,84533.02201,224312.0272,56612.0376,142246.4848,39997.23157,147762.9102,207167.0538,105791.3905,139035.8649,176827.3621,419521.3468,187684.1621,78599.25814,156685.0722,68845.32083,219695.2725,164791.886,259379.0178,325924.3115,113359.3148,157638.6725,415222.3961,186485.0959,381239.2348,199827.2775,295996.3819,43416.78081,312655.3017,320128.1009,213630.4431,154694.286,68977.78395,327121.3494,82843.71583,129179.2766,126585.2812
12/26/21,810582.1725,325006.5159,458325.3124,104436.1961,291242.2925,75231.3183,185427.6114,68406.35714,215592.3036,264856.6327,166264.6126,212641.3026,228916.5167,567861.3694,221662.856,114618.3382,210807.5224,102294.799,317510.6024,225901.4362,344050.8826,468334.9106,129153.5609,186615.7259,557219.5464,253208.437,513510.0193,262530.6248,302698.037,63419.14586,418256.91,443575.4499,285049.0786,207927.8056,100704.4985,442897.3737,116838.8764,172835.2003,165902.373
1/2/22,1022675.121,373861.7965,523739.4726,124620.1924,341150.2415,89925.85442,221577.8048,104164.1813,279863.9301,308941.6892,223402.7198,280646.938,272380.0683,653943.8562,247137.8532,153248.6018,246301.1591,135241.9181,412695.6395,280126.2687,413780.7611,599608.4033,138079.6498,227006.5725,690134.11,314698.5325,637524.9612,318510.8184,295971.6229,81396.55995,504276.4709,544492.5506,347784.9646,258997.9201,132416.695,539484.903,142331.7572,218947.7049,202344.0388
1/9/22,1112877.432,380755.0295,507816.0019,139606.1831,341461.6763,93086.74506,229720.9844,128420.1038,296606.1846,312992.9765,230640.4538,289611.428,286391.1521,590562.1448,252618.1957,173567.9041,238689.1723,146531.1261,439922.837,294525.1596,420073.8298,628517.7258,135150.3093,264948.1247,740825.26,335865.8489,684805.4895,341103.9198,271181.8777,84520.25088,509204.3966,546124.6252,363176.8882,280446.3444,143731.2967,550702.679,138490.1676,250376.6693,215809.1109
1/16/22,1037883.779,344253.6571,421998.4373,144804.4774,293416.9488,84642.15521,207479.4567,128155.7602,257568.1309,275671.9277,189420.7026,237912.2078,265035.7098,428654.3533,237230.3194,166162.8001,198079.3645,129615.7923,384936.9448,262930.1272,359146.5962,540577.6127,121350.8675,277090.5425,686708.3952,308349.8919,634287.0365,320779.0733,233797.6882,71218.49465,433281.5428,450363.0976,323738.3154,262028.8733,127426.5132,473568.1266,111759.8822,256295.1605,199307.4966
1/23/22,862189.8422,287911.1804,319241.3855,138405.2092,227381.8587,69930.44401,171396.3363,110239.5539,196782.3648,219432.968,136667.0562,169633.8144,221219.031,277666.1079,210001.6444,140374.1406,150570.4876,99314.1016,296883.6618,209800.6934,274748.513,408206.4091,102468.0037,248991.8067,572645.3393,253516.4446,528204.2843,271584.8194,193975.1157,52101.98256,331894.4913,329509.4954,260309.907,218825.5771,97881.46943,366623.1756,80899.93746,237087.1277,165062.5365
1/30/22,665071.5514,232618.6439,234231.3474,121374.4264,167381.1456,54319.87875,136334.6972,87318.91718,142608.2358,164479.1675,95823.2004,114780.7849,170980.2668,179092.584,180057.4688,109453.6915,112250.381,70229.83783,217637.7321,157992.2342,200820.409,290734.9365,83551.32394,199722.7612,448759.2494,194632.289,413479.382,212618.7873,158568.8226,35546.53635,245390.3336,231892.4348,200422.8934,169638.1045,69486.49179,274182.2307,56847.86935,200182.5742,127366.028
2/6/22,496510.0182,189513.4657,177431.0887,97324.10729,123208.4666,41034.76938,109849.5268,67957.13855,105582.8593,120938.3028,71899.26995,80404.75136,125653.2578,128097.0847,153604.1381,82342.35864,87612.78817,48811.35406,163366.6369,118495.1049,149666.2045,209632.0164,67540.70823,152540.0037,345088.4328,145409.9742,317973.7051,158114.071,130744.46,24274.39451,187588.9534,170001.1431,156770.7882,126755.5731,48607.96523,212360.0687,41852.69079,155932.7448,95128.62194
2/13/22,371934.2982,159848.7557,144215.0922,72408.9341,93947.64801,31041.54539,92405.65897,54145.99508,83522.75845,90260.32283,59764.43616,61085.864,90580.25751,107495.5145,132881.9488,61851.54826,73414.40362,35010.24143,131515.2101,91973.97081,118795.9839,160416.0834,55264.55038,118354.021,268726.5799,109083.2019,248019.5394,115173.3196,110794.6226,17439.41831,154678.2512,136279.0185,129571.3508,94275.293,35194.61229,177858.5873,33574.36371,114678.2523,71247.54063
2/20/22,286897.5465,139047.2302,125071.1395,52095.80519,74631.07243,24082.56973,80548.23609,44354.06851,69944.47906,69885.65462,52995.08328,49796.98654,66676.51027,101872.0232,117113.0281,47328.80432,64608.38241,26476.53611,112913.3568,74615.92685,100221.7911,130752.858,46210.76183,98103.69397,214007.8702,83606.34221,198100.8355,85339.61369,97488.63051,13329.15694,136692.0029,118051.4529,112820.8498,71353.05935,26838.67652,159817.7448,29225.64832,82885.32127,55118.68068
2/27/22,233373.8819,123532.2988,114117.5755,37925.4375,61765.80419,19612.98449,71692.05848,37295.51324,60798.93917,57238.10403,47890.23067,42751.71669,52267.87884,103053.5124,105346.7754,37566.31837,58115.80693,21449.94677,101791.8682,63551.47523,88767.17414,112983.7362,39770.17864,86739.07558,175289.7118,66484.65446,162881.3287,66889.99678,89839.35231,10879.04557,127438.3236,107872.5967,102204.5432,56074.73816,21777.04584,151287.0281,27359.67081,61424.2342,45314.38542
3/6/22,205013.3853,111004.4234,108012.3671,29231.33531,53256.47487,17162.28703,64200.47318,32140.66951,53787.43131,50563.11617,42134.01118,37938.44095,45505.52518,105178.9801,96897.4508,31493.25674,52000.71721,18914.32781,94866.44791,57077.87144,81527.12207,103010.9302,35480.43902,80048.57125,148509.9844,55703.70384,138584.8926,57673.7085,87456.58694,9517.43663,123379.6271,101500.2966,95125.92603,46689.14287,18993.89706,148139.8235,27300.18206,48694.54546,40730.31808
3/13/22,198383.009,100146.7661,104697.0667,24799.69788,47823.12413,16416.3892,57179.14026,28362.98389,47674.94754,48933.52337,34910.4849,34253.36168,45534.5829,103092.1059,91295.8563,28328.25881,45422.04641,18369.63558,90170.1509,54222.01035,76796.2792,98585.23077,33052.19012,75427.1516,130781.5758,49783.81798,122538.1207,56468.59659,90642.40782,8940.644918,122307.0163,96303.11557,89902.24029,41910.09803,17950.8704,147502.3092,28749.28798,42916.80787,40968.33048
3/20/22,209544.0943,91511.97893,103479.3598,23302.19031,44598.12693,16892.24107,51178.16473,25702.92737,42839.24154,51317.24579,28079.76053,31407.34997,51272.86429,96953.72386,88233.40043,27457.87305,39663.59169,19317.24364,87453.38959,54127.47707,74169.96331,98243.31532,32421.083,71208.05906,119637.7241,47336.81919,112323.6528,61618.47418,100269.5552,8914.55088,123839.2596,92302.24103,85796.15149,40496.59842,18221.53255,148012.1701,31475.79164,42193.04643,45429.55166
3/27/22,234567.8139,86394.94965,104446.4428,23976.03167,42997.47534,18055.95613,47222.17545,24036.46209,40239.50607,56644.16782,23381.69546,29404.8957,61160.15657,90367.78751,87565.34468,28631.50346,36273.63979,21184.33264,87428.73121,56041.84148,74015.5844,100924.0174,33795.06551,66986.49025,113194.1913,47393.59822,105985.3027,71035.64626,118250.0927,9240.127405,128787.2504,90985.00212,82604.13345,41515.77232,19443.27467,149210.6448,35194.31244,45052.98498,53206.28301
4/3/22,269877.3647,86009.54608,107857.5755,26693.24457,42659.19493,19345.26655,46113.98753,23311.60001,40782.27583,63858.20452,21520.26984,28270.12437,72595.3457,86377.55492,89333.93716,32059.18645,36426.17505,23308.17112,91057.49052,59378.27335,76947.55462,105798.3137,37781.57617,62833.5396,110263.6274,49435.89506,102192.4419,81864.66942,148470.7815,9746.75726,138384.1012,93991.04023,80187.44536,44473.66833,21328.57937,150687.4495,39475.51913,50761.0537,62949.74697
4/10/22,309644.3594,92107.7577,114150.3799,31774.72368,43353.43639,20058.50937,48895.42388,23559.4921,45992.86846,71384.51585,23341.77914,28063.24466,80637.29511,87546.98941,93779.91066,38469.91438,42022.69506,24770.09828,99825.69759,63535.0207,84005.10418,112048.5547,45704.41223,58816.68958,110080.7372,53161.15024,99965.01662,89334.86266,198167.5373,10246.02476,154525.2295,103640.4462,78435.169,49040.9337,23529.8296,152026.9915,43640.0144,58647.36526,72016.68808
4/17/22,347854.9216,106852.1658,123732.717,39959.55873,44928.65607,19732.94573,56849.41336,24816.03064,58373.97757,77758.32902,30693.07475,28797.07648,81092.07448,95630.55108,101158.1669,49173.5787,56386.94618,24899.66354,115506.0121,68055.84452,96465.08612,119073.4168,59829.90449,54985.044,112125.8758,58432.15461,98668.75007,89651.52056,279714.8919,10600.52979,179459.3699,122807.2362,77236.56162,55045.30101,25741.54107,152974.4939,47076.6682,68114.03875,77721.32953
4/24/22,383330.7529,132334.2423,136721.4318,52456.7794,47276.3661,18557.82953,71284.80143,27029.60214,81610.88282,82778.02363,47317.99755,30356.32753,74956.61811,111182.4873,111517.4411,66098.1918,85478.80334,23870.23227,139644.2296,72885.81737,115417.9457,126784.8672,83480.41313,51358.1111,116012.1586,65303.63109,98035.16992,83794.60124,412799.0699,10811.01303,215149.6088,154351.7658,76460.47579,62592.9224,27921.94562,153570.0525,49726.34887,79234.89071,79773.84158